Accuracy,Macro Precision,Macro Recall,Macro F1,Support
0.7611607142857143,0.733108739985602,0.6989247311827957,0.6692444815408597,448
