Top-K,Accuracy
Top-1,0.7611607142857143
Top-2,0.9553571428571429
Top-3,0.9910714285714286
Top-4,0.9910714285714286
Top-5,0.9910714285714286
