Top-K,Accuracy
Top-1,0.47112462006079026
Top-2,0.6565349544072948
Top-3,0.7446808510638298
Top-4,0.8024316109422492
Top-5,0.8389057750759878
