Accuracy,Macro Precision,Macro Recall,Macro F1,Support
0.47112462006079026,0.5221204591867201,0.46136363636363636,0.42532158815173654,329
