Top-K,Accuracy
Top-1,0.6006825938566553
Top-2,0.8191126279863481
Top-3,0.8873720136518771
Top-4,0.9249146757679181
Top-5,0.9453924914675768
