Accuracy,Macro Precision,Macro Recall,Macro F1,Support
0.6006825938566553,0.7315044696139325,0.6078116883116883,0.5799724735870747,293
