Top-K,Accuracy
Top-1,0.695364238410596
Top-2,0.8178807947019867
Top-3,0.8807947019867549
Top-4,0.9370860927152318
Top-5,0.9536423841059603
