Accuracy,Macro Precision,Macro Recall,Macro F1,Support
0.695364238410596,0.7106229141229141,0.6668717426364484,0.6309907127298431,302
