Accuracy,Macro Precision,Macro Recall,Macro F1,Support
0.8638392857142857,0.8295470658373885,0.8516129032258064,0.8138788934316716,448
