Accuracy,Macro Precision,Macro Recall,Macro F1,Support
0.8772321428571429,0.8985004618569836,0.8972952380952381,0.8748029959780302,448
