Top-K,Accuracy
Top-1,0.8772321428571429
Top-2,0.984375
Top-3,1.0
Top-4,1.0
Top-5,1.0
