Top-K,Accuracy
Top-1,0.8638392857142857
Top-2,0.9977678571428571
Top-3,1.0
Top-4,1.0
Top-5,1.0
