Accuracy,Macro Precision,Macro Recall,Macro F1,Support
0.48660714285714285,0.4978859223377936,0.4895439775910364,0.460061866194759,448
