Top-K,Accuracy
Top-1,0.45089285714285715
Top-2,0.6495535714285714
Top-3,0.7589285714285714
Top-4,0.8080357142857143
Top-5,0.84375
