Accuracy,Macro Precision,Macro Recall,Macro F1,Support
0.45089285714285715,0.45530206282107566,0.4255376344086021,0.398677679662937,448
