Top-K,Accuracy
Top-1,0.48660714285714285
Top-2,0.6830357142857143
Top-3,0.796875
Top-4,0.8504464285714286
Top-5,0.890625
