Accuracy,Macro Precision,Macro Recall,Macro F1,Support
0.8088737201365188,0.78130101010101,0.8113419913419914,0.7776953729894908,293
