Top-K,Accuracy
Top-1,0.8088737201365188
Top-2,0.9556313993174061
Top-3,0.9829351535836177
Top-4,0.9931740614334471
Top-5,0.9931740614334471
