Accuracy,Macro Precision,Macro Recall,Macro F1,Support
0.6123595505617978,0.5983768471399656,0.5855550767315473,0.5446314504739019,356
