Top-K,Accuracy
Top-1,0.7450331125827815
Top-2,0.8576158940397351
Top-3,0.9370860927152318
Top-4,0.9668874172185431
Top-5,0.9867549668874173
