Top-K,Accuracy
Top-1,0.6123595505617978
Top-2,0.7724719101123596
Top-3,0.8735955056179775
Top-4,0.9185393258426966
Top-5,0.9353932584269663
