Accuracy,Macro Precision,Macro Recall,Macro F1,Support
0.7450331125827815,0.7411725368408233,0.7214626941685764,0.6885710972114025,302
