Top-K,Accuracy
Top-1,0.42249240121580545
Top-2,0.5592705167173252
Top-3,0.6200607902735562
Top-4,0.6869300911854104
Top-5,0.7051671732522796
