Accuracy,Macro Precision,Macro Recall,Macro F1,Support
0.42249240121580545,0.4249110245762723,0.41641414141414135,0.34823191173980234,329
