Top-K,Accuracy
Top-1,0.49146757679180886
Top-2,0.6552901023890785
Top-3,0.7235494880546075
Top-4,0.7610921501706485
Top-5,0.7679180887372014
