Accuracy,Macro Precision,Macro Recall,Macro F1,Support
0.49146757679180886,0.5050881588999235,0.499969696969697,0.43445948780525484,293
