Accuracy,Macro Precision,Macro Recall,Macro F1,Support
0.8526785714285714,0.8617500397266805,0.8565490196078431,0.8360198530013413,448
