Top-K,Accuracy
Top-1,0.8526785714285714
Top-2,0.9776785714285714
Top-3,0.9933035714285714
Top-4,0.9933035714285714
Top-5,0.9933035714285714
