Top-K,Accuracy
Top-1,0.6258278145695364
Top-2,0.7748344370860927
Top-3,0.8741721854304636
Top-4,0.9238410596026491
Top-5,0.9470198675496688
