Accuracy,Macro Precision,Macro Recall,Macro F1,Support
0.6258278145695364,0.6170165722843068,0.6494519989814107,0.6100908673180543,302
