Accuracy,Macro Precision,Macro Recall,Macro F1,Support
0.5224719101123596,0.5195653840924365,0.5332442067736185,0.48838530102832156,356
