Top-K,Accuracy
Top-1,0.5224719101123596
Top-2,0.6544943820224719
Top-3,0.7668539325842697
Top-4,0.8258426966292135
Top-5,0.8792134831460674
