Top-K,Accuracy
Top-1,0.8225255972696246
Top-2,0.9590443686006825
Top-3,0.9897610921501706
Top-4,0.9965870307167235
Top-5,1.0
