Accuracy,Macro Precision,Macro Recall,Macro F1,Support
0.7659574468085106,0.7014728310586632,0.742929292929293,0.6965486896356461,329
