Top-K,Accuracy
Top-1,0.7659574468085106
Top-2,0.8753799392097265
Top-3,0.9300911854103343
Top-4,0.9817629179331308
Top-5,0.9878419452887538
