Accuracy,Macro Precision,Macro Recall,Macro F1,Support
0.8225255972696246,0.7895356930651048,0.8277857142857142,0.7905102841054105,293
