Accuracy,Macro Precision,Macro Recall,Macro F1,Support
0.5397350993377483,0.591713932850775,0.5582123758594347,0.5459769447369747,302
