Top-K,Accuracy
Top-1,0.46629213483146065
Top-2,0.5814606741573034
Top-3,0.7162921348314607
Top-4,0.7752808988764045
Top-5,0.8061797752808989
