Accuracy,Macro Precision,Macro Recall,Macro F1,Support
0.46629213483146065,0.5057378595639466,0.47548001018589253,0.4603242353676652,356
