Top-K,Accuracy
Top-1,0.5397350993377483
Top-2,0.6754966887417219
Top-3,0.8013245033112583
Top-4,0.8509933774834437
Top-5,0.8874172185430463
