Top-K,Accuracy
Top-1,0.6428571428571429
Top-2,0.8013392857142857
Top-3,0.8772321428571429
Top-4,0.8950892857142857
Top-5,0.9397321428571429
