Accuracy,Macro Precision,Macro Recall,Macro F1,Support
0.6428571428571429,0.6579696700676516,0.6738666666666666,0.6046432601432343,448
